test_image,anchor_image,score,num_matches,num_inliers,inlier_ratio,mean_error,vessel_sim
test_01.tiff,anchor_04.tiff,305.65064162345743,162,92,0.5679012345679012,1.5546176433563232,0.4842883346897998
test_01.tiff,anchor_05.tiff,289.3334308707528,161,87,0.5403726708074534,1.5961583852767944,0.4871947780167255
test_01.tiff,anchor_03.tiff,78.00520353252088,22,13,0.5909090909090909,0.3209361732006073,0.44840823204405234
test_01.tiff,anchor_01.tiff,41.86133701404581,19,6,0.3157894736842105,0.6280786395072937,0.4063596795683934
test_01.tiff,anchor_02.tiff,-7999981.064819469,5,0,0.0,inf,0.473379513279892
test_02.tiff,anchor_02.tiff,331.24109877251516,304,102,0.3355263157894737,1.5849655866622925,0.6124942708558635
test_02.tiff,anchor_03.tiff,65.39155977928993,5,4,0.8,0.0,0.5347889944822484
test_02.tiff,anchor_05.tiff,49.903934569834746,10,4,0.4,0.0,0.5475983642458686
test_02.tiff,anchor_04.tiff,47.16686078313215,12,4,0.3333333333333333,0.0,0.5458381862449705
test_02.tiff,anchor_01.tiff,43.580614191831465,13,4,0.3076923076923077,0.0,0.48182304710347895
test_03.tiff,anchor_01.tiff,1259.9675762285458,1105,413,0.3737556561085973,1.6454170942306519,0.47951716845117653
test_03.tiff,anchor_05.tiff,56.0328068878094,6,4,0.6666666666666666,0.0,0.43415350552856846
test_03.tiff,anchor_03.tiff,55.73405313134276,6,4,0.6666666666666666,0.0,0.42668466161690244
test_03.tiff,anchor_04.tiff,52.30299681055351,7,4,0.5714285714285714,0.0,0.43614634883526643
test_03.tiff,anchor_02.tiff,-7999982.317869961,3,0,0.0,inf,0.44205325097608306
test_04.tiff,anchor_01.tiff,1971.7248977923725,1363,648,0.47542186353631694,1.6122047901153564,0.5401415392960708
test_04.tiff,anchor_02.tiff,63.609954853647125,5,4,0.8,0.0,0.490248871341178
test_04.tiff,anchor_05.tiff,48.24452020564469,14,5,0.35714285714285715,0.0,0.47397014799826015
test_04.tiff,anchor_04.tiff,46.8850415040729,10,4,0.4,0.0,0.47212603760182265
test_04.tiff,anchor_03.tiff,-7999980.8882446205,5,0,0.0,inf,0.47779388449514865
test_05.tiff,anchor_04.tiff,357.3517468562475,422,116,0.27488151658767773,1.3452985286712646,0.22797186055276214
test_05.tiff,anchor_05.tiff,355.726701686642,410,116,0.28292682926829266,1.5965778827667236,0.2295562894511025
test_05.tiff,anchor_02.tiff,47.755950821769616,8,5,0.625,0.0,0.19389877054424032
test_05.tiff,anchor_03.tiff,38.90999952133003,8,4,0.5,0.0,0.17274998803325067
test_05.tiff,anchor_01.tiff,36.15582910815479,17,6,0.35294117647058826,0.44384923577308655,0.18972439838789876
test_06.tiff,anchor_05.tiff,743.3327141994364,360,235,0.6527777777777778,1.2223492860794067,0.5500099344240154
test_06.tiff,anchor_04.tiff,726.8252095977308,367,230,0.6267029972752044,1.2598364353179932,0.545894529731662
test_06.tiff,anchor_02.tiff,58.01173211413018,13,6,0.46153846153846156,0.0,0.5387548413147928
test_06.tiff,anchor_03.tiff,50.131810526805424,9,4,0.4444444444444444,0.0,0.5088508187256912
test_06.tiff,anchor_01.tiff,46.40421674464872,11,5,0.45454545454545453,0.6982873678207397,0.47021743763491136
test_07.tiff,anchor_04.tiff,608.990575997032,627,195,0.31100478468899523,1.441938042640686,0.5771472237649425
test_07.tiff,anchor_05.tiff,590.3281273998675,613,189,0.3083197389885807,1.580466628074646,0.5909767716230371
test_07.tiff,anchor_01.tiff,63.68816719545848,9,6,0.6666666666666666,0.0,0.4755375132197955
test_07.tiff,anchor_03.tiff,59.057702010840735,6,4,0.6666666666666666,0.0,0.5097758836043518
test_07.tiff,anchor_02.tiff,56.64176253613961,7,4,0.5714285714285714,0.0,0.5446154919749189
test_08.tiff,anchor_04.tiff,556.763609560873,381,180,0.47244094488188976,1.5762970447540283,0.26190870309074055
test_08.tiff,anchor_05.tiff,448.3063439570355,385,145,0.37662337662337664,1.5126961469650269,0.2585744516955161
test_08.tiff,anchor_03.tiff,47.55026758957193,7,5,0.7142857142857143,0.5224980115890503,0.20397057777139418
test_08.tiff,anchor_02.tiff,47.23860115820193,6,4,0.6666666666666666,0.0,0.21429836228838162
test_08.tiff,anchor_01.tiff,43.653655813679634,10,5,0.5,0.0,0.21634139534199082
test_09.tiff,anchor_04.tiff,298.41580244082206,362,93,0.2569060773480663,1.5386006832122803,0.5362091203149412
test_09.tiff,anchor_05.tiff,236.80260981676392,313,73,0.23322683706070288,1.5583714246749878,0.5235126932933929
test_09.tiff,anchor_01.tiff,55.99408491852654,12,6,0.5,0.0,0.44985212296316357
test_09.tiff,anchor_02.tiff,48.80752498938527,10,4,0.4,0.0,0.5201881247346318
test_09.tiff,anchor_03.tiff,44.90664163289748,12,4,0.3333333333333333,0.0,0.4893327074891038
test_10.tiff,anchor_02.tiff,219.67063082649875,136,63,0.4632352941176471,1.097925066947937,0.5231154899344089
test_10.tiff,anchor_03.tiff,57.01851664851117,12,6,0.5,0.0,0.47546291621277925
test_10.tiff,anchor_04.tiff,54.528855154719224,7,4,0.5714285714285714,0.0,0.49179280743940934
test_10.tiff,anchor_05.tiff,-2657.7469648505835,4,4,1.0,341.1830139160156,0.4929286619385428
test_10.tiff,anchor_01.tiff,-7999981.789627569,6,0,0.0,inf,0.4552593107874986
test_11.tiff,anchor_03.tiff,747.1462538127971,695,241,0.34676258992805753,1.5122947692871094,0.5593527092492935
test_11.tiff,anchor_01.tiff,60.252834062994395,17,8,0.47058823529411764,0.19570107758045197,0.47487283179683265
test_11.tiff,anchor_02.tiff,56.375880694822754,7,4,0.5714285714285714,0.0,0.5379684459419974
test_11.tiff,anchor_05.tiff,49.72986934673339,13,5,0.38461538461538464,0.08668124675750732,0.5009675984044515
test_11.tiff,anchor_04.tiff,47.528489679267636,15,5,0.3333333333333333,0.11537833511829376,0.5029545756720163
test_12.tiff,anchor_05.tiff,498.76841301836504,227,155,0.6828193832599119,1.4432562589645386,0.4500421939921228
test_12.tiff,anchor_04.tiff,433.9090055632781,256,136,0.53125,1.6283133029937744,0.4421377996807068
test_12.tiff,anchor_02.tiff,68.3549488796937,4,4,1.0,0.0,0.40887372199234223
test_12.tiff,anchor_03.tiff,54.26859615548074,6,4,0.6666666666666666,0.0,0.390048237220352
test_12.tiff,anchor_01.tiff,41.36727983415618,11,4,0.36363636363636365,0.0,0.3705456322175409
test_13.tiff,anchor_04.tiff,726.707806085099,727,235,0.32324621733149933,1.7227437496185303,0.563997684719682
test_13.tiff,anchor_05.tiff,712.7550050869733,695,230,0.33093525179856115,1.7524734735488892,0.5884345700855471
test_13.tiff,anchor_01.tiff,57.326431298874255,12,6,0.5,0.0,0.48316078247185645
test_13.tiff,anchor_02.tiff,-7999977.741485144,3,0,0.0,inf,0.5564628714097647
test_13.tiff,anchor_03.tiff,-7999978.9085329035,3,0,0.0,inf,0.5272866774079151
test_14.tiff,anchor_01.tiff,604.0415428506358,645,195,0.3023255813953488,1.4869447946548462,0.47110194880151557
test_14.tiff,anchor_02.tiff,63.052224747685514,5,4,0.8,0.0,0.47630561869213794
test_14.tiff,anchor_03.tiff,62.11007173761189,5,4,0.8,0.0,0.4527517934402973
test_14.tiff,anchor_05.tiff,48.18747433127597,9,4,0.4444444444444444,0.0,0.4602424138374548
test_14.tiff,anchor_04.tiff,43.80929073647647,12,4,0.3333333333333333,0.0,0.4618989350785785
test_15.tiff,anchor_03.tiff,765.2192029547476,701,246,0.3509272467902996,1.5563547611236572,0.6408237793031221
test_15.tiff,anchor_01.tiff,69.18139515665047,8,6,0.75,0.0,0.5295348789162615
test_15.tiff,anchor_04.tiff,50.15816386026049,10,4,0.4,0.0,0.5539540965065123
test_15.tiff,anchor_05.tiff,45.49402485899188,14,4,0.2857142857142857,0.0,0.5516363357605113
test_15.tiff,anchor_02.tiff,-7999975.366767135,3,0,0.0,inf,0.6158308216239151
test_16.tiff,anchor_04.tiff,678.0378475606364,639,217,0.3395931142410016,1.1285852193832397,0.5620701186515564
test_16.tiff,anchor_05.tiff,662.9929294556498,624,213,0.34134615384615385,1.5137165784835815,0.5612203982418068
test_16.tiff,anchor_03.tiff,57.34108643426871,9,5,0.5555555555555556,0.044657040387392044,0.5119030133786406
test_16.tiff,anchor_01.tiff,54.71125842197818,17,7,0.4117647058823529,0.22349201142787933,0.47571515695267746
test_16.tiff,anchor_02.tiff,-7999978.234584917,1,0,0.0,inf,0.5441353770571348
test_17.tiff,anchor_02.tiff,404.1886676935145,349,130,0.37249283667621774,1.447335124015808,0.2716908804648069
test_17.tiff,anchor_01.tiff,35.96227850442649,17,6,0.35294117647058826,0.559229850769043,0.2079617562938827
test_17.tiff,anchor_05.tiff,35.86553042107697,12,4,0.3333333333333333,0.0,0.26330492719359094
test_17.tiff,anchor_04.tiff,33.73555025355646,14,4,0.2857142857142857,0.0,0.25767447062462584
test_17.tiff,anchor_03.tiff,31.6993088443944,18,5,0.2777777777777778,0.4217039942741394,0.2240457421869102
test_18.tiff,anchor_04.tiff,337.74155123923913,387,106,0.2739018087855297,1.3781427145004272,0.4952655150955342
test_18.tiff,anchor_05.tiff,257.54343580990917,338,80,0.23668639053254437,1.4140417575836182,0.4847078562319083
test_18.tiff,anchor_03.tiff,52.693088829659544,7,4,0.5714285714285714,0.0,0.44589864931291734
test_18.tiff,anchor_02.tiff,50.786775645517366,8,4,0.5,0.0,0.4696693911379341
test_18.tiff,anchor_01.tiff,46.98173490028035,9,4,0.4444444444444444,0.0,0.43009892806256433
test_19.tiff,anchor_04.tiff,731.954585984218,609,236,0.38752052545155996,1.6445744037628174,0.5402590049064544
test_19.tiff,anchor_05.tiff,730.001536278661,581,235,0.4044750430292599,1.596500277519226,0.5398634194411097
test_19.tiff,anchor_01.tiff,57.058804293493445,12,6,0.5,0.0,0.4764701073373361
test_19.tiff,anchor_02.tiff,54.17491984714244,8,4,0.5,0.0,0.5543729961785611
test_19.tiff,anchor_03.tiff,48.49588443243771,10,4,0.4,0.0,0.5123971108109429
test_20.tiff,anchor_03.tiff,469.729717566147,379,148,0.39050131926121373,1.4576518535614014,0.5442719906047421
test_20.tiff,anchor_02.tiff,53.09724028375618,7,4,0.5714285714285714,0.0,0.4560024356653331
test_20.tiff,anchor_04.tiff,51.062799100279506,11,5,0.45454545454545453,0.0,0.44702452296153306
test_20.tiff,anchor_05.tiff,49.55583741566606,12,5,0.4166666666666667,0.0,0.4472292687249849
test_20.tiff,anchor_01.tiff,47.640026526060296,18,6,0.3333333333333333,0.0,0.4076673298181741
test_21.tiff,anchor_03.tiff,933.9283115204589,672,302,0.4494047619047619,1.580650806427002,0.5649331873921122
test_21.tiff,anchor_01.tiff,52.1109229857599,15,6,0.4,0.0,0.45277307464399735
test_21.tiff,anchor_04.tiff,51.38458355237324,8,4,0.5,0.0,0.48461458880933117
test_21.tiff,anchor_05.tiff,44.69088083521896,12,4,0.3333333333333333,0.0,0.4839386875471408
test_21.tiff,anchor_02.tiff,-7999979.318751519,3,0,0.0,inf,0.5170312120337858
test_22.tiff,anchor_05.tiff,349.5894962004497,267,108,0.4044943820224719,1.301093339920044,0.495461690972779
test_22.tiff,anchor_04.tiff,323.35899838112283,272,99,0.3639705882352941,1.0520209074020386,0.5054085527731847
test_22.tiff,anchor_02.tiff,69.16487285970891,4,4,1.0,0.0,0.4291218214927226
test_22.tiff,anchor_01.tiff,49.7978395278316,7,4,0.5714285714285714,0.0,0.37351741676721867
test_22.tiff,anchor_03.tiff,46.62473262261213,9,4,0.4444444444444444,0.0,0.4211738711208588
test_23.tiff,anchor_03.tiff,513.8343713454435,410,163,0.3975609756097561,1.3874177932739258,0.5007818666811162
test_23.tiff,anchor_02.tiff,70.55463124715195,4,4,1.0,0.0,0.4638657811787987
test_23.tiff,anchor_05.tiff,56.41896879978549,6,4,0.6666666666666666,0.0,0.4438075533279705
test_23.tiff,anchor_01.tiff,52.04736151147962,14,6,0.42857142857142855,0.0,0.42261260921556204
test_23.tiff,anchor_04.tiff,47.483576580949226,9,4,0.4444444444444444,0.0,0.44264497007928616
test_24.tiff,anchor_05.tiff,446.94963966840083,402,141,0.35074626865671643,1.5258748531341553,0.5531696936801357
test_24.tiff,anchor_04.tiff,379.28188589758395,406,119,0.29310344827586204,1.5113457441329956,0.5662128479903361
test_24.tiff,anchor_02.tiff,64.62967187223964,7,5,0.7142857142857143,0.0,0.5264560825202766
test_24.tiff,anchor_01.tiff,60.35458929612046,12,7,0.5833333333333334,0.274176687002182,0.45536673647011444
test_24.tiff,anchor_03.tiff,58.513897880298046,6,4,0.6666666666666666,0.0,0.4961807803407845
test_25.tiff,anchor_03.tiff,849.7903974352698,808,275,0.34034653465346537,1.6251848936080933,0.6044503799498984
test_25.tiff,anchor_01.tiff,56.99807370714976,13,6,0.46153846153846156,0.0,0.5134133811402822
test_25.tiff,anchor_05.tiff,53.67358290329135,8,4,0.5,0.0,0.5418395725822838
test_25.tiff,anchor_04.tiff,45.083945719476716,14,4,0.2857142857142857,0.0,0.5413843572726321
test_25.tiff,anchor_02.tiff,-7999976.288250395,2,0,0.0,inf,0.5927937401315339
